year,country,life_expectancy_male,life_expectancy_female,heart_disease_male,heart_disease_female,cancer_male,cancer_female,stroke_male,stroke_female,diabetes_male,diabetes_female,respiratory_disease_male,respiratory_disease_female
1973,Tajikistan,68.3,67.1,350,663,973,843,482,206,193,249,31,345
1973,Dominican Republic,52.7,65.1,752,719,155,198,104,410,232,54,262,158
1973,Guyana,58.8,86.8,732,131,139,762,156,408,260,260,126,91
1973,Palau,73.3,72.8,868,850,423,939,497,290,255,192,252,122
1973,Azerbaijan,76.6,80.5,223,853,277,965,240,234,157,250,342,303
1973,Falkland Islands (Malvinas),80.9,63.2,910,349,173,516,484,427,151,155,303,166
1973,Antarctica (the territory South of 60 deg S),58.6,71.6,580,831,756,768,166,179,147,278,258,328
1973,Jersey,69.2,76.6,466,632,353,988,415,375,203,253,290,104
1973,India,63.6,85.8,745,614,253,910,204,149,106,145,276,268
1973,Bermuda,67.5,75.2,954,398,870,588,149,242,206,278,219,64
1973,Qatar,82.6,68.8,464,997,981,475,466,373,144,178,42,83
1973,Gibraltar,75.4,82.6,429,933,750,423,146,224,85,22,116,78
1973,Slovakia (Slovak Republic),57.0,85.0,510,893,222,141,261,369,158,166,49,191
1973,Cook Islands,67.7,64.5,931,154,664,681,363,116,111,118,48,38
1973,Sao Tome and Principe,66.2,86.1,639,620,733,317,271,441,66,114,101,176
1973,Colombia,80.8,83.2,398,285,761,966,418,272,161,35,306,177
1973,Saint Lucia,51.8,60.2,471,913,659,835,194,434,27,104,126,152
1973,Luxembourg,81.7,83.1,611,778,113,969,123,234,83,243,198,157
1973,Reunion,77.6,84.0,284,442,771,461,100,495,252,217,202,83
1973,Kyrgyz Republic,55.2,70.3,184,875,131,368,248,291,215,272,236,250
1974,Tajikistan,65.3,64.5,971,972,486,388,420,182,59,158,220,85
1974,Dominican Republic,61.1,71.8,902,325,713,126,242,188,117,103,165,86
1974,Guyana,59.9,80.8,654,244,416,884,212,96,238,198,137,244
1974,Palau,82.8,65.5,668,113,434,219,124,309,130,140,71,147
1974,Azerbaijan,70.9,68.0,857,927,559,750,480,50,41,257,393,78
1974,Falkland Islands (Malvinas),83.7,78.0,576,244,980,607,375,219,207,130,298,196
1974,Antarctica (the territory South of 60 deg S),68.4,86.0,967,556,239,100,77,273,150,65,370,308
1974,Jersey,80.8,57.4,156,999,817,668,378,127,294,168,152,193
1974,India,55.9,68.4,653,748,342,363,165,402,192,241,195,54
1974,Bermuda,70.7,76.9,848,894,717,960,427,459,113,58,191,105
1974,Qatar,80.4,82.3,310,688,724,623,82,298,22,135,322,192
1974,Gibraltar,70.2,69.7,142,448,556,327,266,128,52,223,159,207
1974,Slovakia (Slovak Republic),73.7,75.3,260,489,678,557,409,347,41,280,276,276
1974,Cook Islands,66.5,55.5,758,764,198,334,350,353,237,146,337,65
1974,Sao Tome and Principe,56.1,58.3,380,291,640,879,251,79,156,155,65,42
1974,Colombia,51.6,67.5,202,353,672,483,445,338,224,62,224,396
1974,Saint Lucia,69.4,69.8,539,622,938,621,424,85,266,85,158,231
1974,Luxembourg,80.4,84.3,163,275,606,818,379,323,169,24,50,35
1974,Reunion,67.2,69.9,806,852,310,141,404,279,185,280,314,125
1974,Kyrgyz Republic,59.5,68.1,120,543,738,120,411,237,188,40,320,357
1975,Tajikistan,53.0,64.8,369,208,543,159,484,270,62,67,279,325
1975,Dominican Republic,62.8,85.3,344,985,621,655,119,478,82,38,350,373
1975,Guyana,76.8,79.2,868,819,688,562,421,417,278,105,228,270
1975,Palau,70.2,72.0,964,281,323,560,313,187,67,169,211,225
1975,Azerbaijan,56.4,88.4,479,802,355,405,166,148,85,264,318,133
1975,Falkland Islands (Malvinas),50.1,64.9,622,429,992,211,124,428,266,139,187,347
1975,Antarctica (the territory South of 60 deg S),70.1,79.8,904,649,814,661,285,500,283,196,113,117
1975,Jersey,66.3,89.3,660,603,970,404,439,401,236,72,90,149
1975,India,60.9,89.7,417,892,359,679,334,359,197,107,125,385
1975,Bermuda,61.1,56.4,909,550,960,399,187,235,297,63,265,317
1975,Qatar,53.9,66.6,115,498,582,682,78,318,142,87,124,341
1975,Gibraltar,78.9,64.8,412,291,398,945,208,473,227,115,347,395
1975,Slovakia (Slovak Republic),53.3,85.5,321,592,219,699,432,122,224,273,306,380
1975,Cook Islands,76.0,65.9,967,804,690,476,366,214,194,185,94,100
1975,Sao Tome and Principe,59.9,56.5,819,875,335,155,266,439,199,155,337,31
1975,Colombia,59.3,69.8,975,407,304,206,216,137,98,142,104,94
1975,Saint Lucia,51.4,62.6,260,632,688,207,67,416,85,233,194,354
1975,Luxembourg,80.6,70.5,925,363,232,849,195,295,50,175,223,287
1975,Reunion,51.0,61.4,918,873,793,230,380,241,204,125,134,367
1975,Kyrgyz Republic,55.7,81.9,224,725,481,801,263,432,298,157,383,120
1976,Tajikistan,71.8,76.1,493,990,482,282,110,391,210,295,107,149
1976,Dominican Republic,73.7,70.5,169,305,375,944,62,332,192,168,70,335
1976,Guyana,76.9,79.1,442,169,659,834,447,368,256,23,196,337
1976,Palau,61.1,74.1,956,425,190,161,235,317,278,223,234,398
1976,Azerbaijan,57.5,65.8,333,448,672,953,357,197,224,247,142,70
1976,Falkland Islands (Malvinas),58.4,75.6,234,401,411,281,185,64,231,295,351,338
1976,Antarctica (the territory South of 60 deg S),76.7,66.7,444,429,433,942,343,454,278,185,215,171
1976,Jersey,82.0,56.5,302,985,423,429,297,100,34,50,315,124
1976,India,68.4,55.1,581,212,114,977,219,271,195,286,252,174
1976,Bermuda,79.5,77.2,735,843,818,647,70,428,133,174,220,349
1976,Qatar,77.9,70.3,113,932,860,818,453,95,86,222,369,93
1976,Gibraltar,55.3,88.8,652,590,468,653,227,340,135,299,290,42
1976,Slovakia (Slovak Republic),54.2,72.7,578,746,310,409,215,80,174,132,375,213
1976,Cook Islands,81.9,75.9,387,763,800,588,228,190,179,199,382,60
1976,Sao Tome and Principe,58.0,89.5,784,145,191,255,146,280,57,294,31,276
1976,Colombia,58.9,83.7,589,608,195,523,218,125,49,280,193,251
1976,Saint Lucia,64.4,82.3,964,756,732,753,351,307,259,68,96,54
1976,Luxembourg,51.9,63.6,223,258,841,764,161,188,269,84,275,103
1976,Reunion,66.6,71.2,527,509,430,518,228,162,205,72,35,89
1976,Kyrgyz Republic,78.5,77.9,913,263,712,493,145,462,87,129,109,44
1977,Tajikistan,77.8,86.6,174,718,815,611,320,241,166,69,342,340
1977,Dominican Republic,63.2,73.5,771,443,828,759,250,285,278,202,123,106
1977,Guyana,68.4,62.6,818,788,817,678,51,142,209,278,138,93
1977,Palau,54.1,88.7,171,718,164,791,445,198,125,104,369,101
1977,Azerbaijan,61.1,86.3,137,443,685,119,168,297,157,124,300,285
1977,Falkland Islands (Malvinas),61.1,85.2,177,118,581,653,264,429,282,57,170,125
1977,Antarctica (the territory South of 60 deg S),61.7,81.5,684,215,439,657,245,80,121,115,222,158
1977,Jersey,78.5,58.7,677,153,170,305,225,87,81,24,127,59
1977,India,62.9,67.2,500,301,174,928,126,297,39,299,37,67
1977,Bermuda,63.3,80.3,918,755,982,664,260,267,251,289,227,32
1977,Qatar,53.0,83.5,1000,205,186,786,79,246,112,181,250,380
1977,Gibraltar,80.9,89.0,855,104,254,878,432,99,215,178,393,381
1977,Slovakia (Slovak Republic),75.9,64.1,458,926,349,193,284,431,47,176,73,47
1977,Cook Islands,68.3,71.2,307,300,186,563,58,62,247,24,81,148
1977,Sao Tome and Principe,65.0,85.6,498,615,675,384,213,329,187,106,46,359
1977,Colombia,74.4,76.2,768,631,441,188,225,443,110,161,217,135
1977,Saint Lucia,73.6,85.1,695,758,591,173,84,410,30,130,269,372
1977,Luxembourg,59.4,82.7,768,746,444,983,365,450,297,179,192,328
1977,Reunion,80.1,68.4,246,877,381,926,74,184,193,94,333,186
1977,Kyrgyz Republic,81.0,55.9,359,972,979,997,394,101,60,276,384,129
1978,Tajikistan,52.4,79.4,489,748,537,801,467,239,178,108,170,64
1978,Dominican Republic,70.8,85.7,164,605,727,850,146,235,120,294,144,64
1978,Guyana,54.2,57.5,418,281,275,526,107,137,151,72,221,223
1978,Palau,58.7,69.2,639,985,420,363,289,393,139,103,112,136
1978,Azerbaijan,76.8,57.5,244,817,967,357,181,216,85,20,172,214
1978,Falkland Islands (Malvinas),74.8,83.2,685,648,127,862,263,193,80,93,400,258
1978,Antarctica (the territory South of 60 deg S),67.7,76.0,482,709,651,126,347,353,298,99,181,255
1978,Jersey,83.1,86.7,274,501,366,392,318,480,38,201,208,316
1978,India,80.9,74.3,485,554,540,408,305,81,212,292,236,397
1978,Bermuda,56.7,65.8,797,685,265,506,468,325,289,263,101,369
1978,Qatar,83.4,59.3,325,950,767,895,60,457,29,48,111,399
1978,Gibraltar,78.8,81.4,140,221,322,870,78,160,185,30,114,179
1978,Slovakia (Slovak Republic),73.8,83.3,725,706,239,545,112,180,53,31,179,152
1978,Cook Islands,81.7,88.9,152,730,866,985,241,287,28,267,276,61
1978,Sao Tome and Principe,63.2,65.1,945,428,569,878,322,493,88,251,81,122
1978,Colombia,53.8,87.8,939,162,757,747,374,92,62,110,298,146
1978,Saint Lucia,59.2,71.4,973,360,271,493,61,258,293,262,139,356
1978,Luxembourg,70.9,72.2,513,306,231,300,117,241,109,199,319,213
1978,Reunion,84.4,70.7,963,821,332,207,111,351,197,164,39,108
1978,Kyrgyz Republic,62.4,71.3,451,324,522,822,161,460,156,105,246,366
1979,Tajikistan,78.8,77.8,721,588,776,346,346,163,47,54,219,209
1979,Dominican Republic,57.2,76.7,677,494,878,158,344,271,235,26,85,137
1979,Guyana,75.0,86.1,290,828,326,580,92,56,31,29,186,102
1979,Palau,52.4,80.6,838,625,631,260,252,317,210,244,260,46
1979,Azerbaijan,55.0,62.3,935,937,867,779,280,440,184,161,31,291
1979,Falkland Islands (Malvinas),77.4,78.9,713,157,624,181,331,167,89,107,212,222
1979,Antarctica (the territory South of 60 deg S),77.9,58.4,977,386,515,340,392,214,100,105,255,211
1979,Jersey,55.4,81.3,750,929,446,149,276,418,70,291,42,99
1979,India,67.6,83.8,104,910,934,777,79,183,228,43,108,195
1979,Bermuda,78.4,75.7,240,739,296,985,164,136,282,259,304,125
1979,Qatar,76.0,85.7,686,229,725,724,154,324,167,192,222,185
1979,Gibraltar,69.2,87.7,158,830,802,749,105,452,109,298,256,128
1979,Slovakia (Slovak Republic),65.2,76.4,251,153,624,858,113,93,137,240,236,68
1979,Cook Islands,68.9,62.2,245,783,420,771,354,426,212,31,314,386
1979,Sao Tome and Principe,78.0,55.8,939,561,956,998,162,418,87,203,348,300
1979,Colombia,53.6,79.2,978,835,591,332,147,95,300,297,111,230
1979,Saint Lucia,65.9,81.1,799,491,700,234,326,486,264,269,327,262
1979,Luxembourg,63.1,81.6,572,638,337,818,464,393,200,209,82,316
1979,Reunion,57.1,84.0,407,995,750,918,193,234,190,233,57,399
1979,Kyrgyz Republic,57.9,73.3,667,697,607,220,123,186,141,155,76,106
1980,Tajikistan,55.5,63.7,667,115,878,836,264,100,300,261,61,106
1980,Dominican Republic,71.3,67.4,362,311,314,207,278,338,209,247,294,165
1980,Guyana,78.8,85.7,546,377,248,315,376,455,58,237,360,204
1980,Palau,69.3,65.7,163,584,960,743,268,174,222,296,129,206
1980,Azerbaijan,54.8,62.9,297,474,824,876,238,432,223,265,127,196
1980,Falkland Islands (Malvinas),54.4,60.9,261,159,402,471,51,206,103,66,257,35
1980,Antarctica (the territory South of 60 deg S),67.2,88.3,812,992,454,866,465,295,190,181,195,283
1980,Jersey,74.2,88.3,784,978,216,848,66,341,34,164,187,146
1980,India,60.1,68.9,105,495,516,732,243,466,139,296,137,72
1980,Bermuda,70.8,55.1,940,947,334,333,225,342,85,177,400,351
1980,Qatar,78.9,69.1,323,583,259,149,471,415,221,184,34,205
1980,Gibraltar,77.4,82.6,317,540,346,817,487,213,108,39,43,153
1980,Slovakia (Slovak Republic),66.4,70.1,439,166,453,262,86,69,117,147,371,152
1980,Cook Islands,59.3,68.2,738,616,447,556,191,352,82,191,218,268
1980,Sao Tome and Principe,75.3,89.1,593,994,267,219,129,92,151,194,346,242
1980,Colombia,72.0,64.6,686,778,198,381,88,416,78,89,183,118
1980,Saint Lucia,74.6,86.6,733,324,445,405,349,210,44,270,30,378
1980,Luxembourg,69.6,64.2,586,670,874,206,320,268,42,197,155,397
1980,Reunion,71.5,66.8,595,202,675,255,410,87,60,181,394,284
1980,Kyrgyz Republic,63.4,86.9,831,118,196,606,242,183,99,239,185,73
1981,Tajikistan,61.9,66.2,857,603,641,723,192,140,124,249,359,334
1981,Dominican Republic,82.1,63.5,799,809,718,391,374,234,75,229,341,99
1981,Guyana,73.9,67.5,440,480,368,772,345,127,158,269,229,61
1981,Palau,70.0,89.3,542,205,112,457,147,385,241,195,120,50
1981,Azerbaijan,58.5,64.9,570,205,324,394,129,470,170,148,57,178
1981,Falkland Islands (Malvinas),53.0,86.8,486,917,582,275,489,497,35,153,196,52
1981,Antarctica (the territory South of 60 deg S),71.0,56.9,726,258,899,552,182,145,235,36,291,85
1981,Jersey,55.4,65.8,786,427,693,363,465,486,92,158,353,140
1981,India,54.7,88.8,768,458,396,586,234,417,174,166,384,68
1981,Bermuda,50.2,58.7,555,686,746,116,390,279,155,28,113,376
1981,Qatar,56.4,74.2,519,402,166,434,339,225,292,166,394,143
1981,Gibraltar,69.0,86.5,250,995,184,446,296,319,251,271,119,131
1981,Slovakia (Slovak Republic),57.0,62.9,829,210,986,764,375,57,85,103,203,239
1981,Cook Islands,77.5,60.1,931,332,669,679,172,140,124,189,336,107
1981,Sao Tome and Principe,84.2,57.6,362,704,572,596,66,485,131,133,36,259
1981,Colombia,69.9,72.6,979,851,654,718,437,372,118,167,204,389
1981,Saint Lucia,64.3,71.3,780,789,982,703,447,330,251,71,231,391
1981,Luxembourg,74.4,60.3,190,884,864,813,81,384,224,168,76,102
1981,Reunion,62.9,88.4,352,271,680,237,246,364,299,219,114,150
1981,Kyrgyz Republic,81.3,71.2,870,819,807,168,231,320,84,229,252,391
1982,Tajikistan,81.2,71.0,450,823,329,700,196,179,118,158,110,190
1982,Dominican Republic,55.2,79.5,507,978,297,166,338,113,49,262,138,97
1982,Guyana,55.7,88.3,292,609,942,809,76,301,45,196,368,137
1982,Palau,72.8,58.9,452,547,420,422,159,322,151,245,61,365
1982,Azerbaijan,71.8,89.4,167,171,253,921,128,418,106,253,132,234
1982,Falkland Islands (Malvinas),51.8,64.8,892,183,455,323,438,356,297,53,53,184
1982,Antarctica (the territory South of 60 deg S),79.8,61.8,730,691,998,623,301,248,114,199,274,233
1982,Jersey,53.3,69.5,539,939,227,405,276,147,261,43,296,263
1982,India,81.8,81.6,704,994,132,919,276,358,134,34,240,31
1982,Bermuda,54.6,88.5,626,161,808,900,224,177,171,109,41,115
1982,Qatar,56.1,76.7,143,741,528,818,260,352,192,218,85,389
1982,Gibraltar,69.5,61.8,754,419,304,144,249,366,225,290,396,231
1982,Slovakia (Slovak Republic),61.3,86.7,385,597,955,952,181,268,266,39,134,142
1982,Cook Islands,54.7,61.0,631,243,272,850,340,120,21,118,138,386
1982,Sao Tome and Principe,80.1,77.5,865,912,334,974,442,83,79,285,151,318
1982,Colombia,69.5,63.7,996,199,174,931,83,64,181,229,260,382
1982,Saint Lucia,62.6,79.6,758,528,504,381,398,147,82,298,272,87
1982,Luxembourg,76.7,76.0,560,257,874,140,114,150,20,117,369,146
1982,Reunion,73.2,76.3,763,882,286,799,289,264,185,70,100,149
1982,Kyrgyz Republic,61.6,85.7,492,641,771,365,102,259,270,48,380,109
1983,Tajikistan,80.3,76.3,753,447,337,635,255,352,195,128,220,251
1983,Dominican Republic,57.7,58.3,652,431,971,380,316,425,240,239,263,241
1983,Guyana,79.4,57.8,338,882,449,129,248,295,115,182,179,189
1983,Palau,64.6,62.0,373,985,893,171,500,87,287,95,42,159
1983,Azerbaijan,75.1,58.0,894,511,248,597,255,375,128,151,323,145
1983,Falkland Islands (Malvinas),63.6,89.8,567,259,203,151,98,157,270,127,41,348
1983,Antarctica (the territory South of 60 deg S),68.9,57.1,372,792,856,841,216,146,137,168,253,54
1983,Jersey,59.6,71.2,691,265,601,590,457,75,102,287,316,280
1983,India,50.1,74.2,212,592,700,110,254,481,137,203,397,237
1983,Bermuda,81.9,64.4,520,360,719,244,395,64,272,208,44,127
1983,Qatar,64.2,74.9,407,737,711,224,213,271,271,136,231,190
1983,Gibraltar,57.4,58.7,706,487,252,128,357,274,67,88,273,221
1983,Slovakia (Slovak Republic),78.6,69.8,768,566,289,437,446,446,287,242,227,289
1983,Cook Islands,66.8,81.9,668,804,213,248,385,173,260,59,367,130
1983,Sao Tome and Principe,71.3,87.9,305,870,801,286,371,430,212,62,34,59
1983,Colombia,81.5,75.5,989,459,562,435,263,268,36,283,219,124
1983,Saint Lucia,50.1,82.8,162,739,885,155,431,273,36,170,365,347
1983,Luxembourg,61.4,59.0,650,116,608,457,52,199,191,287,49,258
1983,Reunion,57.0,57.5,683,250,998,758,474,83,62,109,393,143
1983,Kyrgyz Republic,53.5,77.5,448,616,515,712,307,251,97,236,115,41
1984,Tajikistan,81.7,76.7,580,584,707,108,291,407,147,143,103,181
1984,Dominican Republic,69.4,76.3,312,790,574,410,414,137,259,90,209,391
1984,Guyana,83.1,58.3,868,576,517,785,193,448,206,157,223,202
1984,Palau,66.5,80.1,304,982,853,425,481,280,75,162,226,236
1984,Azerbaijan,84.2,58.5,881,429,323,908,329,412,266,164,215,318
1984,Falkland Islands (Malvinas),63.3,69.4,281,598,137,966,271,373,208,296,214,354
1984,Antarctica (the territory South of 60 deg S),74.8,64.2,386,242,499,698,345,60,120,88,297,112
1984,Jersey,81.4,87.7,228,490,778,270,261,134,145,277,310,47
1984,India,79.2,81.9,717,565,791,819,161,243,144,208,339,77
1984,Bermuda,81.0,72.4,506,868,906,131,206,398,124,181,321,318
1984,Qatar,69.2,64.7,599,522,380,968,430,170,116,161,68,354
1984,Gibraltar,52.5,88.0,506,733,420,360,196,417,296,70,106,218
1984,Slovakia (Slovak Republic),78.5,87.2,464,361,190,518,177,244,63,73,135,301
1984,Cook Islands,54.4,64.0,327,113,441,859,359,283,236,235,50,35
1984,Sao Tome and Principe,79.0,66.4,503,180,408,452,209,494,145,103,141,258
1984,Colombia,81.7,68.4,910,220,792,299,449,469,286,256,101,87
1984,Saint Lucia,58.7,81.4,975,551,639,917,452,412,72,246,244,352
1984,Luxembourg,83.2,88.2,785,617,139,316,165,119,205,220,340,365
1984,Reunion,69.5,59.6,302,192,396,703,100,381,107,190,269,375
1984,Kyrgyz Republic,54.5,89.2,530,693,681,650,190,166,238,259,122,385
1985,Tajikistan,56.0,58.8,713,673,733,197,73,228,275,219,365,399
1985,Dominican Republic,73.8,55.6,269,891,462,926,417,284,250,231,351,158
1985,Guyana,76.6,71.7,225,962,174,471,217,217,51,182,310,347
1985,Palau,64.4,69.4,307,850,532,905,423,338,147,281,253,255
1985,Azerbaijan,67.0,82.8,169,692,218,760,238,75,122,163,158,309
1985,Falkland Islands (Malvinas),70.1,67.4,544,923,352,254,320,303,65,38,134,190
1985,Antarctica (the territory South of 60 deg S),60.6,80.4,654,161,261,731,332,179,277,101,234,388
1985,Jersey,50.8,87.7,958,561,402,714,136,180,271,215,227,290
1985,India,71.2,63.6,490,808,453,937,184,191,110,174,291,243
1985,Bermuda,75.7,81.9,550,320,892,863,367,254,164,77,219,382
1985,Qatar,66.9,64.8,258,590,558,760,232,76,229,208,220,68
1985,Gibraltar,78.0,84.5,142,396,547,264,274,113,22,107,32,88
1985,Slovakia (Slovak Republic),75.1,89.3,549,834,499,685,197,248,43,54,137,81
1985,Cook Islands,51.7,87.5,978,781,224,304,219,86,190,210,49,41
1985,Sao Tome and Principe,60.3,67.1,933,453,676,607,494,134,108,114,250,112
1985,Colombia,66.3,88.3,807,743,163,510,343,334,299,202,189,364
1985,Saint Lucia,67.3,70.4,363,536,873,490,111,57,28,95,230,57
1985,Luxembourg,83.7,72.5,536,831,661,363,348,345,123,238,230,40
1985,Reunion,50.4,55.7,664,852,739,378,160,403,244,252,215,320
1985,Kyrgyz Republic,72.4,86.1,832,882,865,312,90,52,230,254,206,111
1986,Tajikistan,62.9,86.7,805,866,809,317,150,247,240,171,279,99
1986,Dominican Republic,54.3,58.4,413,974,257,475,333,59,106,68,47,373
1986,Guyana,61.9,65.5,951,401,489,144,154,484,57,49,248,216
1986,Palau,52.0,71.8,538,796,426,102,242,390,272,160,141,357
1986,Azerbaijan,72.6,87.7,294,607,617,638,360,66,37,47,105,176
1986,Falkland Islands (Malvinas),72.3,75.0,244,113,381,255,57,359,143,151,263,307
1986,Antarctica (the territory South of 60 deg S),84.7,55.2,244,323,930,324,409,275,241,67,35,222
1986,Jersey,81.6,63.4,573,513,265,402,459,318,270,158,189,379
1986,India,79.9,89.3,418,704,191,280,390,313,187,106,109,73
1986,Bermuda,68.0,82.6,520,401,801,832,264,271,164,261,224,139
1986,Qatar,65.6,87.1,498,246,371,413,492,430,291,178,71,372
1986,Gibraltar,57.0,69.7,899,495,154,722,59,371,211,146,278,381
1986,Slovakia (Slovak Republic),73.5,76.2,536,142,945,286,392,364,213,208,102,107
1986,Cook Islands,65.0,56.9,816,594,877,180,394,100,25,153,220,137
1986,Sao Tome and Principe,71.9,87.7,728,547,919,263,413,133,237,26,190,217
1986,Colombia,50.6,70.8,893,557,756,705,157,384,63,180,170,35
1986,Saint Lucia,83.9,58.6,446,133,143,430,185,238,289,60,259,275
1986,Luxembourg,82.2,83.2,364,849,388,202,441,405,95,165,202,266
1986,Reunion,82.4,77.1,985,778,168,517,491,220,165,275,312,199
1986,Kyrgyz Republic,66.8,56.2,716,558,557,159,71,305,102,219,296,286
1987,Tajikistan,58.9,61.5,118,631,324,681,391,203,150,42,385,91
1987,Dominican Republic,81.5,86.9,696,506,898,696,308,234,95,253,37,314
1987,Guyana,59.1,86.6,801,561,574,551,402,194,175,260,257,248
1987,Palau,56.7,89.3,122,479,526,552,240,332,32,34,44,158
1987,Azerbaijan,59.3,89.1,879,305,443,487,343,250,25,143,52,101
1987,Falkland Islands (Malvinas),81.0,65.3,126,518,373,724,472,119,132,282,340,321
1987,Antarctica (the territory South of 60 deg S),74.7,84.5,699,604,814,404,66,361,90,131,302,119
1987,Jersey,84.2,60.6,800,382,773,853,365,380,206,156,170,69
1987,India,67.1,62.0,206,156,902,251,216,382,293,154,385,147
1987,Bermuda,58.0,59.9,406,266,611,707,431,184,186,80,139,128
1987,Qatar,50.4,86.5,828,655,151,127,111,486,173,49,318,56
1987,Gibraltar,62.1,78.7,107,479,485,963,76,341,268,24,350,342
1987,Slovakia (Slovak Republic),68.2,69.8,584,488,650,683,331,159,134,228,35,274
1987,Cook Islands,73.6,63.3,380,439,436,173,417,308,20,276,302,190
1987,Sao Tome and Principe,76.3,73.9,272,921,327,926,434,363,196,261,34,257
1987,Colombia,57.1,79.6,804,467,726,877,304,377,147,132,106,339
1987,Saint Lucia,68.5,76.3,818,526,516,268,489,320,105,229,226,310
1987,Luxembourg,56.7,59.9,577,381,683,559,103,95,225,115,126,323
1987,Reunion,61.5,87.5,755,354,859,126,150,91,208,126,104,231
1987,Kyrgyz Republic,56.9,70.6,706,522,717,145,71,343,49,248,331,250
1988,Tajikistan,60.7,75.7,180,886,139,812,409,193,183,196,357,283
1988,Dominican Republic,58.0,85.1,778,256,747,582,406,341,163,121,71,386
1988,Guyana,52.8,55.2,764,426,433,266,403,485,248,242,30,188
1988,Palau,72.1,85.3,718,430,919,697,180,307,197,126,85,299
1988,Azerbaijan,54.5,60.3,1000,381,146,848,438,214,39,62,42,359
1988,Falkland Islands (Malvinas),66.3,89.6,729,723,496,763,61,341,124,128,236,332
1988,Antarctica (the territory South of 60 deg S),52.5,59.1,462,481,679,908,171,215,123,150,39,264
1988,Jersey,51.1,81.4,748,232,865,243,292,355,51,255,227,72
1988,India,53.6,66.1,296,932,106,169,67,464,26,135,330,196
1988,Bermuda,75.2,81.0,274,104,988,235,279,55,253,173,380,315
1988,Qatar,81.6,68.6,564,979,866,539,144,78,79,281,222,287
1988,Gibraltar,67.6,59.9,402,422,660,532,478,73,20,296,72,121
1988,Slovakia (Slovak Republic),81.3,89.2,751,562,192,159,168,429,71,117,272,100
1988,Cook Islands,57.9,89.5,265,927,277,633,74,268,202,123,239,258
1988,Sao Tome and Principe,61.5,60.0,574,603,817,891,210,122,160,99,165,115
1988,Colombia,82.6,73.7,626,900,456,676,290,97,158,196,312,215
1988,Saint Lucia,78.5,87.3,236,260,922,939,408,482,209,222,120,377
1988,Luxembourg,79.6,79.5,417,970,293,558,490,338,200,186,177,150
1988,Reunion,58.7,81.6,815,757,385,124,94,178,262,296,117,350
1988,Kyrgyz Republic,67.8,78.9,343,321,853,783,381,159,217,83,84,182
1989,Tajikistan,72.2,84.6,670,283,167,429,131,74,212,286,100,316
1989,Dominican Republic,54.7,77.4,778,226,491,661,166,179,111,191,131,94
1989,Guyana,51.5,66.0,672,747,997,208,409,191,232,192,242,80
1989,Palau,75.0,84.3,421,852,179,968,498,145,197,254,129,53
1989,Azerbaijan,80.6,66.0,124,451,150,939,473,114,197,181,287,281
1989,Falkland Islands (Malvinas),72.3,74.1,989,635,187,200,349,149,45,236,320,400
1989,Antarctica (the territory South of 60 deg S),79.3,62.6,278,278,747,361,53,451,183,280,248,112
1989,Jersey,52.1,65.5,892,700,250,370,486,145,134,223,130,272
1989,India,73.8,76.3,513,812,367,471,176,94,164,78,60,269
1989,Bermuda,50.5,68.0,194,988,891,627,203,408,170,88,82,198
1989,Qatar,59.0,60.0,558,774,598,603,363,347,114,127,90,284
1989,Gibraltar,63.0,76.1,602,206,952,967,479,165,38,92,143,121
1989,Slovakia (Slovak Republic),51.2,71.4,319,146,829,472,145,337,110,179,112,354
1989,Cook Islands,72.0,60.7,711,588,439,393,124,439,73,241,191,390
1989,Sao Tome and Principe,78.1,71.5,296,807,953,203,211,483,186,140,91,49
1989,Colombia,80.0,87.3,507,311,462,874,242,356,176,75,182,298
1989,Saint Lucia,57.6,67.6,119,612,946,820,325,263,32,292,370,239
1989,Luxembourg,82.8,58.4,271,901,335,688,108,211,176,51,324,45
1989,Reunion,54.9,66.2,267,934,121,153,329,414,156,97,253,94
1989,Kyrgyz Republic,56.3,85.9,563,961,417,162,342,294,294,214,289,223
1990,Tajikistan,73.7,58.4,851,140,576,597,413,390,42,172,149,265
1990,Dominican Republic,61.5,85.6,591,367,917,667,95,289,78,279,163,98
1990,Guyana,78.4,81.1,254,459,693,771,133,335,90,131,83,140
1990,Palau,73.8,83.4,639,187,457,172,205,292,43,53,385,215
1990,Azerbaijan,75.8,87.4,144,486,300,648,377,178,247,213,58,78
1990,Falkland Islands (Malvinas),74.6,87.8,306,232,907,871,392,67,226,116,325,378
1990,Antarctica (the territory South of 60 deg S),83.6,90.0,656,840,802,420,150,261,251,213,238,331
1990,Jersey,81.2,80.4,133,552,648,477,323,415,112,109,194,331
1990,India,77.9,65.2,874,928,719,749,166,121,141,233,73,157
1990,Bermuda,57.6,75.8,375,640,606,656,362,324,78,216,277,82
1990,Qatar,69.1,76.9,130,427,819,224,183,376,86,129,58,80
1990,Gibraltar,50.3,65.7,609,390,812,866,227,467,97,75,234,43
1990,Slovakia (Slovak Republic),72.1,70.8,433,299,856,990,359,271,166,116,228,194
1990,Cook Islands,65.3,85.7,244,798,763,708,191,170,72,282,193,156
1990,Sao Tome and Principe,82.9,79.0,832,526,833,526,249,396,142,300,371,34
1990,Colombia,63.3,65.9,505,882,269,957,305,357,216,241,329,311
1990,Saint Lucia,52.8,85.3,458,883,180,578,189,420,275,102,268,165
1990,Luxembourg,81.3,77.5,104,951,128,581,115,404,243,216,65,106
1990,Reunion,82.9,59.1,674,690,258,971,452,77,133,101,241,278
1990,Kyrgyz Republic,64.9,83.7,579,702,587,959,454,294,78,287,224,132
1991,Tajikistan,77.4,74.9,524,590,762,381,75,178,207,78,161,253
1991,Dominican Republic,58.2,67.0,849,516,997,123,76,497,252,270,351,71
1991,Guyana,76.1,81.7,884,619,138,700,276,157,29,109,366,393
1991,Palau,79.9,72.6,359,325,607,810,166,183,33,66,85,67
1991,Azerbaijan,70.5,58.1,809,482,316,830,172,82,72,133,178,278
1991,Falkland Islands (Malvinas),51.3,63.9,108,386,347,489,364,373,213,70,159,30
1991,Antarctica (the territory South of 60 deg S),80.1,76.9,817,253,950,354,124,429,55,197,179,152
1991,Jersey,85.0,60.5,566,804,973,585,433,124,75,258,153,210
1991,India,70.2,85.1,490,771,513,949,369,443,225,183,38,52
1991,Bermuda,61.2,88.6,595,323,837,702,153,425,184,287,250,272
1991,Qatar,57.4,67.7,641,133,447,233,209,329,135,29,91,113
1991,Gibraltar,84.4,80.8,482,445,465,368,491,344,85,247,214,47
1991,Slovakia (Slovak Republic),53.9,86.2,598,176,632,390,412,211,38,203,198,298
1991,Cook Islands,72.7,73.1,192,350,242,199,398,468,268,58,83,273
1991,Sao Tome and Principe,66.5,67.7,639,628,869,272,439,446,23,79,67,117
1991,Colombia,73.3,78.4,662,166,410,464,86,472,233,177,219,258
1991,Saint Lucia,50.1,89.7,806,383,373,545,446,113,138,224,106,57
1991,Luxembourg,74.2,76.9,358,993,776,226,367,298,209,126,271,75
1991,Reunion,68.4,84.5,391,151,102,712,299,203,219,245,224,301
1991,Kyrgyz Republic,57.7,85.2,893,825,860,881,73,185,156,95,201,267
1992,Tajikistan,81.5,58.5,897,827,530,827,289,392,295,41,122,303
1992,Dominican Republic,82.5,80.9,197,286,436,963,428,377,298,257,40,359
1992,Guyana,57.0,71.3,850,245,949,919,97,309,127,250,263,68
1992,Palau,84.6,56.8,600,916,976,569,262,482,285,230,168,213
1992,Azerbaijan,79.6,74.3,309,835,874,899,435,395,48,183,181,348
1992,Falkland Islands (Malvinas),63.6,80.1,317,467,263,706,297,85,74,231,382,78
1992,Antarctica (the territory South of 60 deg S),62.3,73.3,577,283,353,541,468,423,210,74,213,177
1992,Jersey,56.7,82.9,819,124,413,727,312,250,223,227,58,114
1992,India,65.5,63.3,195,601,205,901,487,497,35,73,158,278
1992,Bermuda,69.0,86.5,230,272,490,994,139,279,233,158,248,306
1992,Qatar,75.1,66.3,640,346,423,985,361,137,227,121,81,296
1992,Gibraltar,58.6,85.4,728,875,174,903,87,186,154,285,261,38
1992,Slovakia (Slovak Republic),57.5,65.7,941,303,229,164,326,353,251,175,275,83
1992,Cook Islands,59.8,71.4,587,243,653,994,282,152,58,37,93,300
1992,Sao Tome and Principe,61.8,65.2,881,653,570,298,106,73,134,198,338,337
1992,Colombia,76.1,80.8,956,340,827,679,465,66,280,228,328,254
1992,Saint Lucia,59.6,77.9,335,368,517,440,66,468,227,188,250,109
1992,Luxembourg,82.8,59.6,386,278,497,940,446,479,220,137,100,281
1992,Reunion,70.9,76.1,165,414,596,324,471,388,282,216,319,223
1992,Kyrgyz Republic,80.6,74.2,698,304,440,660,465,372,283,53,285,47
1993,Tajikistan,63.6,56.6,697,802,244,260,344,130,181,181,231,221
1993,Dominican Republic,75.3,60.0,639,198,419,387,81,382,272,95,174,314
1993,Guyana,54.6,80.5,868,399,491,918,422,440,192,214,73,387
1993,Palau,72.4,56.7,636,329,158,226,380,128,141,263,200,389
1993,Azerbaijan,76.9,64.5,482,883,576,770,337,147,69,99,69,306
1993,Falkland Islands (Malvinas),79.8,75.4,388,127,682,321,124,456,281,39,344,377
1993,Antarctica (the territory South of 60 deg S),58.8,67.4,329,426,955,782,490,358,63,274,75,64
1993,Jersey,54.0,85.6,554,977,909,921,408,240,267,253,252,235
1993,India,59.4,56.2,802,725,524,996,58,270,289,213,48,317
1993,Bermuda,70.8,74.6,496,239,420,605,141,134,134,228,208,92
1993,Qatar,67.0,70.3,607,103,201,276,167,393,239,266,250,125
1993,Gibraltar,50.7,80.6,359,772,250,393,91,213,159,284,164,175
1993,Slovakia (Slovak Republic),59.0,61.9,499,148,953,600,294,54,253,56,135,84
1993,Cook Islands,57.9,79.8,904,237,939,457,381,327,259,272,349,298
1993,Sao Tome and Principe,70.7,84.6,844,999,267,480,457,92,65,126,376,249
1993,Colombia,54.9,62.1,926,370,722,903,345,198,43,126,199,91
1993,Saint Lucia,50.1,57.2,544,883,891,839,51,385,175,34,95,179
1993,Luxembourg,61.3,78.4,766,318,764,962,360,148,246,286,104,30
1993,Reunion,58.2,65.1,464,259,880,794,482,306,289,270,272,241
1993,Kyrgyz Republic,61.2,87.2,917,322,506,995,72,78,242,250,193,146
1994,Tajikistan,57.5,79.0,532,656,458,877,460,233,240,266,124,282
1994,Dominican Republic,82.7,64.5,625,503,118,656,70,339,188,216,208,283
1994,Guyana,61.9,76.3,896,743,301,537,301,242,262,195,306,105
1994,Palau,51.1,72.0,764,871,985,122,316,232,295,140,39,296
1994,Azerbaijan,65.1,78.3,266,791,524,409,221,142,224,293,90,176
1994,Falkland Islands (Malvinas),76.9,58.7,263,328,390,629,217,240,24,111,118,67
1994,Antarctica (the territory South of 60 deg S),52.4,64.4,971,558,606,928,478,61,226,189,329,195
1994,Jersey,69.0,63.3,588,883,930,256,380,286,241,150,334,263
1994,India,53.4,75.7,406,941,693,800,392,344,140,264,34,164
1994,Bermuda,62.7,86.8,769,924,535,745,242,320,182,276,128,385
1994,Qatar,68.3,58.5,379,789,402,403,385,129,260,228,170,386
1994,Gibraltar,73.2,56.5,430,199,330,602,467,330,228,296,329,169
1994,Slovakia (Slovak Republic),56.0,56.4,965,214,948,593,289,138,221,156,389,385
1994,Cook Islands,67.4,65.0,867,726,654,839,398,385,160,185,292,228
1994,Sao Tome and Principe,53.2,69.0,823,318,471,234,125,363,77,183,173,31
1994,Colombia,57.2,68.5,339,107,593,948,368,96,73,111,163,308
1994,Saint Lucia,62.4,88.6,570,388,464,367,300,469,203,180,224,63
1994,Luxembourg,51.7,67.4,926,262,135,196,141,434,249,131,271,214
1994,Reunion,83.8,73.4,661,494,354,290,245,422,27,201,154,245
1994,Kyrgyz Republic,65.4,77.1,965,449,404,250,120,255,157,75,320,330
1995,Tajikistan,79.6,88.3,212,833,229,438,379,67,194,276,313,319
1995,Dominican Republic,83.6,84.1,999,323,315,559,137,153,255,193,188,295
1995,Guyana,74.4,63.1,370,848,464,316,370,150,265,217,230,240
1995,Palau,84.7,60.6,486,679,319,447,209,423,152,299,314,100
1995,Azerbaijan,57.2,60.6,206,145,780,907,183,448,118,137,225,155
1995,Falkland Islands (Malvinas),69.0,67.7,953,163,189,713,301,237,159,50,278,351
1995,Antarctica (the territory South of 60 deg S),54.9,75.0,777,949,654,121,79,185,90,36,387,399
1995,Jersey,75.8,82.4,522,269,528,632,144,172,88,171,108,128
1995,India,78.5,69.8,398,169,783,895,50,113,252,92,265,390
1995,Bermuda,59.3,75.3,190,512,843,636,239,232,50,49,309,94
1995,Qatar,53.7,56.9,562,915,876,409,61,421,113,292,236,202
1995,Gibraltar,77.1,90.0,830,304,629,141,253,250,81,253,144,399
1995,Slovakia (Slovak Republic),63.0,80.8,225,164,259,687,112,401,300,199,50,66
1995,Cook Islands,57.7,58.0,444,799,104,400,127,307,158,152,171,50
1995,Sao Tome and Principe,59.8,87.6,618,478,999,678,287,146,251,162,359,170
1995,Colombia,59.7,73.2,556,431,444,733,243,154,26,38,133,60
1995,Saint Lucia,82.5,89.1,478,537,969,135,348,187,206,152,174,139
1995,Luxembourg,76.1,67.0,760,834,954,127,154,134,160,248,129,168
1995,Reunion,70.0,79.6,205,420,475,144,334,135,199,120,73,253
1995,Kyrgyz Republic,51.8,89.3,127,862,818,164,255,475,85,213,327,378
1996,Tajikistan,71.0,74.4,358,542,174,386,135,192,247,122,83,144
1996,Dominican Republic,69.7,83.9,916,716,288,605,133,159,101,211,371,170
1996,Guyana,52.6,82.8,998,261,763,986,174,138,43,25,272,38
1996,Palau,82.5,72.3,390,275,249,400,469,122,110,50,310,99
1996,Azerbaijan,61.0,68.2,232,445,814,325,154,219,200,23,164,349
1996,Falkland Islands (Malvinas),55.2,87.7,709,691,432,582,292,355,123,71,382,287
1996,Antarctica (the territory South of 60 deg S),51.4,80.4,805,844,318,759,335,486,140,91,136,336
1996,Jersey,62.8,56.7,881,355,857,430,74,188,163,149,384,207
1996,India,80.0,67.1,713,683,261,187,191,292,211,202,245,235
1996,Bermuda,80.1,57.4,153,533,423,877,356,261,116,124,37,56
1996,Qatar,50.7,77.0,980,831,615,438,75,478,189,197,203,246
1996,Gibraltar,79.8,83.4,693,793,825,585,171,88,200,270,234,92
1996,Slovakia (Slovak Republic),54.8,63.7,443,978,108,354,384,379,173,287,302,145
1996,Cook Islands,59.4,87.4,826,613,212,474,55,420,159,229,82,231
1996,Sao Tome and Principe,74.9,74.2,503,897,756,701,179,465,157,55,59,237
1996,Colombia,80.3,67.3,175,190,325,131,391,460,23,176,134,231
1996,Saint Lucia,74.1,69.5,878,745,220,230,380,118,161,292,366,45
1996,Luxembourg,73.0,62.2,483,380,200,320,385,290,247,277,201,82
1996,Reunion,62.9,75.1,937,189,802,318,190,388,156,154,37,260
1996,Kyrgyz Republic,76.3,76.2,116,500,648,562,190,445,123,246,271,338
1997,Tajikistan,55.0,79.0,608,762,436,183,195,481,188,287,227,126
1997,Dominican Republic,56.6,67.7,145,187,283,171,162,473,42,219,190,298
1997,Guyana,59.1,58.7,715,824,667,520,301,379,147,206,291,227
1997,Palau,56.2,63.5,736,590,427,118,389,315,156,248,71,103
1997,Azerbaijan,50.2,70.1,517,256,307,600,316,356,298,34,128,374
1997,Falkland Islands (Malvinas),78.7,74.2,925,151,291,288,486,317,179,41,293,116
1997,Antarctica (the territory South of 60 deg S),68.7,81.6,520,556,557,990,428,302,145,119,104,188
1997,Jersey,54.0,84.5,211,964,449,331,216,459,207,290,388,135
1997,India,74.7,59.2,479,527,318,486,63,95,277,22,187,117
1997,Bermuda,82.4,64.5,948,899,518,841,334,159,125,174,167,343
1997,Qatar,84.8,64.3,261,757,644,485,299,431,109,142,86,275
1997,Gibraltar,59.9,88.5,667,390,306,967,257,133,64,282,84,230
1997,Slovakia (Slovak Republic),58.1,68.0,157,349,812,748,263,221,23,129,229,362
1997,Cook Islands,71.0,59.4,562,276,607,172,386,467,237,186,313,377
1997,Sao Tome and Principe,61.1,70.0,321,929,140,309,88,390,174,106,282,129
1997,Colombia,77.8,71.6,595,947,335,287,221,492,129,55,369,103
1997,Saint Lucia,84.2,55.1,874,348,404,768,234,341,280,177,290,212
1997,Luxembourg,62.7,72.2,872,234,493,452,492,75,182,146,112,117
1997,Reunion,66.4,86.0,754,506,249,790,441,353,66,226,340,169
1997,Kyrgyz Republic,79.8,79.0,108,194,127,169,380,199,259,53,324,91
1998,Tajikistan,56.9,63.7,610,260,791,405,258,344,142,190,265,33
1998,Dominican Republic,82.0,56.2,501,555,305,643,308,269,127,87,280,208
1998,Guyana,77.1,89.0,391,537,197,435,93,428,270,140,52,194
1998,Palau,57.3,65.5,673,468,356,991,128,412,234,193,40,172
1998,Azerbaijan,79.0,85.5,950,954,175,272,189,422,197,85,128,178
1998,Falkland Islands (Malvinas),61.1,56.3,616,412,692,312,500,297,205,61,208,392
1998,Antarctica (the territory South of 60 deg S),52.8,72.5,613,460,592,163,318,114,297,293,211,320
1998,Jersey,84.1,68.5,667,947,498,159,369,144,27,214,337,50
1998,India,76.9,68.2,470,446,554,701,301,246,189,128,232,141
1998,Bermuda,82.0,86.6,803,135,345,283,121,91,126,49,174,142
1998,Qatar,75.4,78.1,518,329,776,328,161,341,126,212,327,205
1998,Gibraltar,70.4,63.0,892,767,375,615,369,485,247,249,176,394
1998,Slovakia (Slovak Republic),57.3,69.3,435,524,548,212,437,294,27,138,290,310
1998,Cook Islands,78.4,74.4,755,111,829,152,318,156,230,244,157,55
1998,Sao Tome and Principe,69.5,89.1,715,600,398,767,89,268,72,141,219,138
1998,Colombia,63.0,87.9,401,872,652,681,431,332,39,211,380,141
1998,Saint Lucia,52.8,80.0,833,373,934,292,407,491,288,196,313,178
1998,Luxembourg,53.2,69.1,530,705,260,808,289,338,294,24,95,305
1998,Reunion,60.0,65.5,592,731,485,169,377,430,136,84,108,348
1998,Kyrgyz Republic,66.1,79.1,444,104,286,135,315,385,134,216,59,282
1999,Tajikistan,80.4,68.6,823,535,329,704,308,356,117,28,90,301
1999,Dominican Republic,59.8,63.9,307,447,374,556,113,90,239,193,394,77
1999,Guyana,56.2,74.9,467,782,108,200,365,416,131,129,95,312
1999,Palau,77.6,56.1,145,573,419,501,84,243,264,153,100,292
1999,Azerbaijan,59.5,63.9,702,170,717,709,468,205,256,165,391,262
1999,Falkland Islands (Malvinas),51.0,77.6,946,244,312,298,91,142,111,252,164,234
1999,Antarctica (the territory South of 60 deg S),65.2,57.1,809,866,667,304,325,125,42,238,256,155
1999,Jersey,80.4,78.2,736,588,505,559,390,429,177,291,267,287
1999,India,51.9,76.0,380,536,608,591,112,418,165,82,132,287
1999,Bermuda,68.9,66.5,244,698,947,902,435,217,225,143,219,109
1999,Qatar,65.3,65.3,463,185,921,137,461,311,185,166,266,116
1999,Gibraltar,57.8,62.9,553,761,972,278,286,65,212,282,77,126
1999,Slovakia (Slovak Republic),71.8,82.5,590,296,666,966,429,257,64,125,180,184
1999,Cook Islands,53.6,65.3,946,784,316,506,376,238,295,25,105,167
1999,Sao Tome and Principe,69.8,85.5,314,782,232,983,333,238,268,55,306,271
1999,Colombia,84.0,70.2,598,184,662,782,59,69,39,118,165,132
1999,Saint Lucia,64.7,74.8,937,997,958,829,383,254,24,226,133,119
1999,Luxembourg,63.1,75.7,620,838,980,533,154,53,210,104,60,349
1999,Reunion,84.6,56.2,494,156,370,347,279,50,108,148,52,66
1999,Kyrgyz Republic,50.4,74.1,948,173,290,982,263,84,159,200,316,273
2000,Tajikistan,72.4,88.4,811,500,896,136,282,298,42,206,192,258
2000,Dominican Republic,62.5,71.5,133,133,319,618,130,315,162,243,310,96
2000,Guyana,62.0,58.0,107,267,787,965,419,495,93,213,170,342
2000,Palau,79.8,70.7,713,552,761,939,98,496,112,271,102,110
2000,Azerbaijan,66.6,77.6,382,170,402,344,347,275,225,171,240,208
2000,Falkland Islands (Malvinas),65.2,85.2,747,730,637,735,93,347,117,189,287,85
2000,Antarctica (the territory South of 60 deg S),51.0,70.6,966,563,787,750,382,309,202,30,162,368
2000,Jersey,59.1,61.5,923,283,478,354,152,275,293,21,232,61
2000,India,78.3,85.3,757,332,361,459,172,189,185,192,363,296
2000,Bermuda,74.7,74.5,969,545,660,821,497,487,166,268,169,66
2000,Qatar,65.9,69.8,473,548,752,471,210,344,265,27,236,266
2000,Gibraltar,83.7,60.7,462,877,596,118,307,413,289,53,136,119
2000,Slovakia (Slovak Republic),68.5,81.5,591,384,112,697,281,321,176,183,330,141
2000,Cook Islands,83.7,62.2,264,135,881,925,300,455,226,230,320,48
2000,Sao Tome and Principe,50.5,78.5,244,296,974,796,363,474,198,116,379,122
2000,Colombia,81.5,55.5,916,206,701,764,224,189,167,235,282,244
2000,Saint Lucia,63.2,55.3,553,859,690,966,56,348,86,206,99,73
2000,Luxembourg,64.8,76.6,980,263,837,897,133,271,52,62,321,103
2000,Reunion,56.3,64.5,751,808,426,923,399,114,51,216,387,177
2000,Kyrgyz Republic,57.9,59.5,804,532,880,277,190,328,59,214,116,128
2001,Tajikistan,72.6,84.2,784,883,108,300,82,348,218,228,230,231
2001,Dominican Republic,76.9,78.7,685,560,980,808,232,134,260,107,295,251
2001,Guyana,72.4,80.3,639,815,977,482,277,385,243,154,51,93
2001,Palau,57.0,66.6,958,870,188,952,428,391,267,27,150,128
2001,Azerbaijan,55.0,83.1,419,359,953,374,304,201,243,22,307,266
2001,Falkland Islands (Malvinas),55.4,88.2,398,429,224,963,350,68,47,104,151,52
2001,Antarctica (the territory South of 60 deg S),61.8,79.1,834,511,561,651,329,244,172,139,350,127
2001,Jersey,61.6,73.3,146,130,882,904,385,426,82,193,94,385
2001,India,51.3,58.2,143,996,682,832,225,204,245,136,132,331
2001,Bermuda,72.2,66.7,476,704,434,800,354,214,257,152,330,269
2001,Qatar,56.0,81.4,738,955,110,134,223,354,247,232,55,142
2001,Gibraltar,78.0,71.1,944,769,816,929,122,359,181,94,74,367
2001,Slovakia (Slovak Republic),74.5,73.6,436,541,165,641,448,493,44,62,141,295
2001,Cook Islands,59.0,66.2,155,669,975,227,217,413,240,174,199,183
2001,Sao Tome and Principe,61.0,75.6,402,411,376,712,378,491,114,52,190,219
2001,Colombia,80.0,85.9,925,672,757,547,480,436,231,271,339,145
2001,Saint Lucia,57.6,71.9,683,354,933,819,149,342,216,274,365,397
2001,Luxembourg,74.3,64.8,114,684,900,119,155,188,125,136,186,334
2001,Reunion,73.7,63.9,851,744,987,242,309,130,108,237,317,205
2001,Kyrgyz Republic,70.6,71.7,933,828,681,983,151,156,260,236,89,278
2002,Tajikistan,56.3,84.1,535,997,254,293,338,418,26,131,85,34
2002,Dominican Republic,77.7,83.7,301,756,575,687,475,293,209,74,74,257
2002,Guyana,52.3,55.1,410,107,125,431,239,286,300,210,231,181
2002,Palau,80.3,77.3,308,898,494,457,468,479,266,258,185,144
2002,Azerbaijan,57.0,81.1,373,640,966,629,118,61,298,43,110,114
2002,Falkland Islands (Malvinas),78.3,65.5,175,673,730,608,204,493,86,97,149,171
2002,Antarctica (the territory South of 60 deg S),62.1,80.3,372,551,560,898,63,384,196,241,209,287
2002,Jersey,63.0,73.3,878,385,438,297,116,476,206,265,280,113
2002,India,79.2,73.8,722,743,355,758,350,302,226,62,369,227
2002,Bermuda,76.1,66.3,531,178,454,401,145,399,268,257,122,84
2002,Qatar,65.6,66.0,642,752,967,331,384,303,127,36,237,66
2002,Gibraltar,63.4,73.2,111,686,138,696,303,433,130,24,367,299
2002,Slovakia (Slovak Republic),69.4,68.4,228,661,165,996,364,407,118,242,89,66
2002,Cook Islands,83.6,64.5,511,522,832,392,493,64,149,157,250,154
2002,Sao Tome and Principe,59.8,84.7,159,841,963,383,134,197,197,166,337,78
2002,Colombia,68.0,55.2,816,286,941,118,197,155,231,51,208,238
2002,Saint Lucia,66.7,75.6,275,385,586,400,304,209,198,266,228,158
2002,Luxembourg,66.6,74.6,692,874,695,166,124,451,286,252,263,253
2002,Reunion,83.5,57.8,885,769,217,387,221,401,166,180,363,330
2002,Kyrgyz Republic,54.0,70.5,892,207,763,850,250,262,117,220,109,194
2003,Tajikistan,66.9,60.6,721,551,808,453,309,83,73,193,298,397
2003,Dominican Republic,83.5,89.9,950,820,114,675,441,445,168,220,204,261
2003,Guyana,60.1,55.6,443,211,318,623,176,122,118,210,143,381
2003,Palau,61.8,67.3,431,564,639,675,398,64,175,182,131,134
2003,Azerbaijan,75.8,74.0,799,106,202,594,422,433,159,117,176,71
2003,Falkland Islands (Malvinas),77.1,66.5,697,489,322,584,84,68,91,198,388,101
2003,Antarctica (the territory South of 60 deg S),61.4,61.1,978,751,297,850,337,309,208,262,164,175
2003,Jersey,50.9,84.5,952,173,379,749,477,122,284,263,33,65
2003,India,60.6,59.0,258,488,428,324,334,188,63,143,62,73
2003,Bermuda,84.7,62.5,776,672,360,118,378,140,87,261,344,393
2003,Qatar,64.0,83.7,283,427,618,734,284,471,280,103,126,143
2003,Gibraltar,69.5,66.4,621,546,878,367,357,72,201,41,260,82
2003,Slovakia (Slovak Republic),66.1,65.9,197,184,358,542,63,261,214,177,166,208
2003,Cook Islands,50.4,86.7,642,911,552,722,208,290,277,187,255,349
2003,Sao Tome and Principe,70.6,57.4,492,881,856,702,489,80,223,257,289,209
2003,Colombia,82.1,79.7,463,653,812,751,205,435,152,91,273,179
2003,Saint Lucia,67.8,86.0,887,341,626,678,306,378,36,235,309,323
2003,Luxembourg,59.3,69.3,703,480,914,313,426,227,234,135,142,34
2003,Reunion,63.5,63.4,262,612,494,868,330,405,291,185,45,366
2003,Kyrgyz Republic,76.6,64.9,267,277,682,826,402,481,102,224,52,126
2004,Tajikistan,58.0,56.5,598,862,563,157,467,120,101,53,396,242
2004,Dominican Republic,59.5,85.9,626,908,589,424,229,290,237,294,267,147
2004,Guyana,76.7,67.2,496,357,345,526,249,181,179,156,343,326
2004,Palau,56.2,70.7,804,281,961,915,500,300,203,210,143,199
2004,Azerbaijan,68.7,88.2,989,780,144,507,165,315,194,288,257,352
2004,Falkland Islands (Malvinas),74.7,84.1,922,976,129,755,352,235,74,284,263,308
2004,Antarctica (the territory South of 60 deg S),73.9,64.3,774,738,916,588,421,260,94,60,376,364
2004,Jersey,77.7,76.8,281,820,475,452,356,329,89,173,297,42
2004,India,59.0,89.7,440,443,792,911,241,190,256,272,138,287
2004,Bermuda,72.1,78.9,428,718,1000,977,440,449,144,134,373,281
2004,Qatar,55.9,88.3,813,474,171,232,306,173,257,83,150,202
2004,Gibraltar,57.3,75.4,669,699,871,678,263,131,291,94,262,236
2004,Slovakia (Slovak Republic),70.0,72.8,148,448,964,473,169,456,130,31,120,259
2004,Cook Islands,58.4,55.7,995,319,501,621,177,80,129,24,80,227
2004,Sao Tome and Principe,74.6,85.2,441,820,639,681,68,180,51,26,371,271
2004,Colombia,70.4,85.3,117,722,661,365,370,223,266,245,61,78
2004,Saint Lucia,63.4,63.4,767,425,710,174,422,221,105,30,324,203
2004,Luxembourg,69.4,87.6,917,268,867,685,377,178,224,248,326,168
2004,Reunion,66.4,87.2,358,290,946,289,138,231,75,251,59,243
2004,Kyrgyz Republic,57.2,59.3,160,109,531,872,491,91,77,181,59,400
2005,Tajikistan,71.3,75.9,653,279,341,104,202,203,120,146,112,118
2005,Dominican Republic,51.2,74.9,154,827,115,468,377,153,32,222,139,320
2005,Guyana,66.7,83.0,229,269,844,122,59,332,181,166,381,248
2005,Palau,78.7,72.4,754,915,924,946,487,274,234,258,294,300
2005,Azerbaijan,64.1,73.1,714,328,680,788,63,333,194,234,265,371
2005,Falkland Islands (Malvinas),54.0,86.1,415,945,373,147,331,409,35,80,390,285
2005,Antarctica (the territory South of 60 deg S),84.7,87.4,425,735,460,451,203,70,111,102,286,236
2005,Jersey,64.0,82.1,520,458,358,643,264,399,199,157,99,50
2005,India,77.1,66.0,748,563,746,338,441,140,193,116,154,377
2005,Bermuda,83.6,86.5,608,233,179,683,450,133,155,20,372,179
2005,Qatar,69.0,83.6,867,284,809,876,306,128,246,134,157,53
2005,Gibraltar,65.5,72.9,131,313,938,501,419,296,147,132,286,265
2005,Slovakia (Slovak Republic),59.7,86.6,386,731,772,243,164,442,256,178,201,322
2005,Cook Islands,50.0,66.5,388,225,937,888,231,204,119,28,203,289
2005,Sao Tome and Principe,54.8,70.2,757,920,767,833,228,348,219,200,399,305
2005,Colombia,58.2,65.3,821,936,780,761,393,220,107,35,154,200
2005,Saint Lucia,71.1,76.7,203,281,240,193,283,56,195,255,384,186
2005,Luxembourg,76.5,68.4,265,946,638,124,227,395,51,209,393,398
2005,Reunion,66.4,73.9,632,235,162,227,97,325,221,208,291,293
2005,Kyrgyz Republic,75.0,77.9,739,159,836,858,378,163,288,176,143,169
2006,Tajikistan,83.6,81.7,782,291,448,584,278,430,49,126,262,384
2006,Dominican Republic,58.5,55.2,813,238,631,131,72,480,102,95,214,220
2006,Guyana,65.1,83.0,824,603,335,788,215,280,260,225,173,399
2006,Palau,70.2,57.5,476,350,863,529,371,130,155,231,239,247
2006,Azerbaijan,76.2,87.1,399,754,271,494,297,473,90,136,35,152
2006,Falkland Islands (Malvinas),76.8,79.9,815,608,892,170,174,207,189,290,65,224
2006,Antarctica (the territory South of 60 deg S),57.5,64.6,470,688,566,446,464,232,95,296,174,59
2006,Jersey,73.4,74.4,960,217,456,470,176,382,120,135,169,189
2006,India,60.9,77.6,436,383,678,399,170,82,214,105,356,361
2006,Bermuda,57.4,73.0,222,777,852,555,387,178,55,69,111,117
2006,Qatar,77.5,62.2,646,946,304,357,246,341,66,196,321,283
2006,Gibraltar,55.9,77.1,153,832,227,151,248,327,209,297,344,177
2006,Slovakia (Slovak Republic),53.1,77.9,555,948,865,360,425,473,151,202,333,129
2006,Cook Islands,74.9,65.1,120,799,121,261,96,163,155,193,82,396
2006,Sao Tome and Principe,68.7,76.8,460,882,835,711,237,423,145,46,131,371
2006,Colombia,82.9,55.4,157,562,641,961,265,449,31,46,189,161
2006,Saint Lucia,76.6,66.3,1000,951,297,162,413,107,226,75,342,361
2006,Luxembourg,77.8,86.6,518,658,249,696,405,333,111,276,372,385
2006,Reunion,54.0,68.3,559,458,939,311,87,497,118,221,301,62
2006,Kyrgyz Republic,55.2,66.6,734,887,503,468,84,228,247,110,380,117
2007,Tajikistan,65.9,58.3,269,966,506,357,98,208,126,293,105,88
2007,Dominican Republic,78.3,59.2,663,330,515,861,320,113,30,53,73,320
2007,Guyana,57.0,77.4,492,229,646,487,114,175,178,189,226,66
2007,Palau,71.1,79.3,411,843,468,938,442,122,108,157,332,396
2007,Azerbaijan,55.8,83.0,248,590,994,586,251,151,274,257,130,109
2007,Falkland Islands (Malvinas),63.4,73.3,693,314,291,979,276,465,131,160,340,245
2007,Antarctica (the territory South of 60 deg S),58.5,76.0,304,473,971,738,119,474,106,143,210,168
2007,Jersey,81.8,72.1,672,734,182,487,277,407,28,33,377,262
2007,India,80.4,59.3,482,931,936,452,394,223,74,193,40,35
2007,Bermuda,73.1,71.5,171,673,784,893,240,393,237,67,79,67
2007,Qatar,76.9,73.3,144,334,112,285,140,302,21,88,295,324
2007,Gibraltar,74.7,74.0,813,974,211,606,468,278,89,122,258,230
2007,Slovakia (Slovak Republic),64.2,85.1,685,752,184,102,439,156,157,99,85,264
2007,Cook Islands,64.2,89.1,336,667,644,988,359,98,105,222,206,245
2007,Sao Tome and Principe,66.6,64.3,741,310,122,594,312,476,175,166,313,342
2007,Colombia,63.3,67.2,633,511,945,998,158,453,143,122,243,187
2007,Saint Lucia,83.0,88.1,633,493,366,232,413,95,266,238,214,101
2007,Luxembourg,50.7,88.2,202,177,713,516,323,77,125,265,212,171
2007,Reunion,67.1,57.2,615,815,434,302,497,426,186,151,373,198
2007,Kyrgyz Republic,79.4,83.8,285,969,482,987,499,83,299,167,98,115
2008,Tajikistan,58.6,74.1,449,657,572,123,274,470,261,201,249,294
2008,Dominican Republic,72.4,78.5,169,497,566,597,104,185,239,32,99,191
2008,Guyana,73.7,65.0,193,931,304,704,139,212,54,64,176,199
2008,Palau,79.0,56.8,838,861,140,446,192,224,151,38,181,149
2008,Azerbaijan,66.6,61.3,561,508,817,739,286,78,233,31,139,262
2008,Falkland Islands (Malvinas),52.0,69.0,938,133,682,915,102,171,283,124,342,155
2008,Antarctica (the territory South of 60 deg S),64.0,80.5,815,161,576,964,137,494,223,228,76,381
2008,Jersey,59.5,70.9,224,671,207,362,449,347,193,135,49,257
2008,India,71.2,64.3,255,938,555,503,63,488,217,120,92,221
2008,Bermuda,72.2,87.6,720,160,250,248,247,203,199,131,396,115
2008,Qatar,78.1,84.6,910,408,771,178,229,263,232,172,346,386
2008,Gibraltar,61.4,67.3,651,662,109,971,421,164,184,246,227,255
2008,Slovakia (Slovak Republic),56.7,56.2,323,428,743,917,389,337,123,279,338,74
2008,Cook Islands,58.8,89.8,137,819,357,891,300,54,132,38,240,129
2008,Sao Tome and Principe,72.1,76.2,161,772,874,745,459,217,151,264,88,282
2008,Colombia,55.8,58.3,597,106,353,224,188,69,151,63,251,259
2008,Saint Lucia,66.1,66.9,524,568,353,543,368,143,54,286,185,396
2008,Luxembourg,74.6,65.4,413,680,559,166,322,301,275,288,379,33
2008,Reunion,80.0,80.4,935,815,811,898,333,376,227,67,62,260
2008,Kyrgyz Republic,73.9,72.0,758,818,444,710,496,163,177,170,117,231
2009,Tajikistan,60.7,63.1,982,352,612,293,197,299,295,37,368,210
2009,Dominican Republic,81.7,73.3,207,354,358,423,186,297,156,244,45,197
2009,Guyana,80.4,66.2,437,674,826,744,374,354,203,202,139,318
2009,Palau,81.8,59.4,139,392,651,541,153,294,282,195,113,48
2009,Azerbaijan,71.6,72.6,648,568,835,955,105,56,66,108,281,305
2009,Falkland Islands (Malvinas),51.8,86.4,325,875,696,325,267,377,289,230,261,358
2009,Antarctica (the territory South of 60 deg S),69.6,61.1,749,168,710,597,65,345,219,115,105,218
2009,Jersey,52.0,88.2,233,571,827,707,407,326,44,233,89,329
2009,India,72.9,75.9,644,539,514,922,418,110,86,237,385,117
2009,Bermuda,67.0,66.9,340,646,223,202,65,91,100,147,89,88
2009,Qatar,70.9,73.8,268,569,399,344,158,368,173,30,88,271
2009,Gibraltar,75.6,57.3,389,992,168,674,183,344,65,114,222,253
2009,Slovakia (Slovak Republic),64.8,72.0,976,188,771,752,131,266,287,294,249,78
2009,Cook Islands,71.8,84.3,166,891,520,120,342,359,234,292,290,123
2009,Sao Tome and Principe,66.7,89.0,929,241,779,279,300,77,111,251,183,399
2009,Colombia,58.3,70.5,439,337,908,354,88,326,208,49,60,33
2009,Saint Lucia,75.0,59.1,612,131,271,432,358,420,94,252,91,47
2009,Luxembourg,66.0,88.9,568,673,720,315,397,52,103,140,234,296
2009,Reunion,75.4,56.9,142,670,375,304,250,357,108,140,224,53
2009,Kyrgyz Republic,82.0,62.8,807,196,682,405,366,397,226,111,308,85
2010,Tajikistan,79.7,58.9,268,599,886,205,406,125,183,141,61,137
2010,Dominican Republic,53.8,82.9,656,150,590,219,70,71,200,133,49,268
2010,Guyana,58.8,70.6,232,796,654,425,462,386,264,264,241,306
2010,Palau,74.4,70.0,601,184,227,916,192,198,102,277,229,99
2010,Azerbaijan,71.3,82.0,389,994,200,523,189,130,83,299,367,353
2010,Falkland Islands (Malvinas),56.5,66.4,973,384,447,750,297,424,107,70,293,49
2010,Antarctica (the territory South of 60 deg S),52.3,73.8,209,591,360,643,233,162,63,50,400,299
2010,Jersey,54.4,75.5,847,255,840,415,111,193,151,232,206,173
2010,India,84.2,66.3,615,185,674,448,144,292,110,252,67,74
2010,Bermuda,84.5,68.7,881,740,639,780,443,136,216,63,277,317
2010,Qatar,73.6,71.1,504,116,653,677,69,439,52,150,356,215
2010,Gibraltar,72.7,83.3,887,471,604,898,231,455,95,177,348,324
2010,Slovakia (Slovak Republic),70.2,76.7,274,166,205,230,129,297,148,226,366,219
2010,Cook Islands,60.6,62.4,131,163,750,133,96,153,63,296,210,232
2010,Sao Tome and Principe,58.1,89.0,651,650,735,782,421,122,127,278,352,316
2010,Colombia,77.2,67.9,708,713,956,877,203,114,282,285,243,204
2010,Saint Lucia,80.0,86.4,177,922,960,877,87,360,291,187,250,279
2010,Luxembourg,61.9,70.2,957,128,110,898,245,340,148,240,85,54
2010,Reunion,76.4,89.8,246,860,171,726,205,227,260,100,226,113
2010,Kyrgyz Republic,84.7,69.2,832,923,598,362,264,213,135,173,68,118
2011,Tajikistan,63.8,80.9,566,632,334,418,492,153,67,54,294,121
2011,Dominican Republic,59.3,60.4,768,531,817,514,412,166,276,218,192,279
2011,Guyana,84.0,71.6,639,883,554,635,206,378,67,180,258,266
2011,Palau,63.4,88.3,659,936,421,696,473,313,260,125,153,30
2011,Azerbaijan,81.7,80.2,839,725,733,142,141,193,234,186,237,318
2011,Falkland Islands (Malvinas),71.0,75.2,139,875,676,254,446,230,148,22,203,220
2011,Antarctica (the territory South of 60 deg S),70.9,66.2,352,938,329,496,249,354,293,244,275,251
2011,Jersey,59.8,60.2,521,455,704,984,459,216,270,141,33,164
2011,India,64.0,87.5,759,812,360,121,180,147,134,297,198,147
2011,Bermuda,71.4,65.6,788,565,744,884,405,125,53,164,150,283
2011,Qatar,62.3,63.0,798,191,241,482,276,113,63,96,212,378
2011,Gibraltar,60.4,72.5,525,327,548,583,271,278,165,68,93,300
2011,Slovakia (Slovak Republic),77.2,87.3,645,970,153,560,458,214,202,115,132,393
2011,Cook Islands,70.9,78.9,559,372,264,236,310,280,211,142,212,178
2011,Sao Tome and Principe,83.5,69.4,418,292,146,736,142,229,36,218,356,314
2011,Colombia,84.2,61.2,687,990,718,703,120,151,76,259,287,189
2011,Saint Lucia,52.2,59.2,720,159,797,163,434,102,106,99,93,260
2011,Luxembourg,69.9,86.6,160,846,185,431,210,154,188,227,120,106
2011,Reunion,63.2,64.5,156,172,282,831,229,293,217,185,328,266
2011,Kyrgyz Republic,78.0,63.9,266,851,816,947,130,378,147,211,354,175
2012,Tajikistan,61.7,85.9,285,270,196,771,121,99,208,209,345,286
2012,Dominican Republic,60.4,67.0,518,137,562,495,83,116,29,298,34,383
2012,Guyana,64.3,72.3,933,838,884,974,336,151,294,148,267,194
2012,Palau,58.7,68.0,946,715,970,655,238,123,142,35,84,277
2012,Azerbaijan,72.5,67.8,662,241,784,377,353,415,100,27,273,179
2012,Falkland Islands (Malvinas),61.1,78.2,597,603,808,515,188,342,268,181,299,276
2012,Antarctica (the territory South of 60 deg S),63.8,62.1,204,343,995,917,324,278,189,147,350,269
2012,Jersey,67.2,69.2,198,165,370,1000,220,363,254,273,256,196
2012,India,59.1,75.8,355,662,303,562,199,348,55,88,120,400
2012,Bermuda,84.0,60.2,369,389,286,349,234,64,110,98,73,134
2012,Qatar,71.2,64.2,618,392,980,799,153,370,294,283,178,191
2012,Gibraltar,58.8,68.9,221,316,121,460,286,194,68,276,301,62
2012,Slovakia (Slovak Republic),57.3,58.8,399,197,208,573,195,207,156,164,47,373
2012,Cook Islands,72.1,80.0,607,726,406,118,208,210,274,202,173,47
2012,Sao Tome and Principe,52.9,55.1,633,655,764,834,374,173,222,279,328,247
2012,Colombia,56.8,55.1,114,411,765,680,257,448,198,189,290,369
2012,Saint Lucia,80.5,60.2,758,997,152,899,111,184,246,268,303,369
2012,Luxembourg,62.7,65.7,663,681,734,748,241,475,21,245,399,222
2012,Reunion,61.9,62.8,680,619,914,262,494,292,196,48,337,212
2012,Kyrgyz Republic,55.8,68.4,108,612,992,299,462,277,95,148,281,127
2013,Tajikistan,58.8,58.9,782,499,437,235,358,470,102,103,338,175
2013,Dominican Republic,66.0,82.1,749,955,355,277,257,343,23,233,311,172
2013,Guyana,83.5,76.4,192,105,692,313,64,182,185,280,188,364
2013,Palau,80.5,64.5,564,139,274,247,132,370,100,120,199,80
2013,Azerbaijan,66.8,78.4,332,184,768,670,353,236,175,245,54,244
2013,Falkland Islands (Malvinas),69.1,79.2,932,872,785,528,238,439,46,277,352,83
2013,Antarctica (the territory South of 60 deg S),75.7,79.0,229,536,494,921,194,216,196,156,86,175
2013,Jersey,65.2,75.4,606,514,382,519,418,373,151,281,146,302
2013,India,50.1,58.8,653,799,689,198,435,185,249,167,53,224
2013,Bermuda,67.3,72.9,409,288,655,952,341,56,24,198,252,247
2013,Qatar,73.3,59.7,192,947,195,956,200,242,233,45,391,300
2013,Gibraltar,81.6,85.0,975,325,713,265,240,165,89,65,242,117
2013,Slovakia (Slovak Republic),80.1,74.4,665,329,894,787,112,231,263,195,211,383
2013,Cook Islands,52.6,76.3,748,762,732,393,302,408,65,226,113,202
2013,Sao Tome and Principe,67.9,85.2,438,569,450,761,321,282,30,234,336,106
2013,Colombia,73.7,67.0,998,796,352,256,490,171,124,271,109,281
2013,Saint Lucia,64.3,63.4,815,319,174,424,68,228,240,155,354,282
2013,Luxembourg,57.5,89.1,622,924,596,416,455,317,162,115,311,190
2013,Reunion,69.8,68.0,616,704,171,199,115,140,177,229,111,393
2013,Kyrgyz Republic,69.3,87.3,491,640,298,576,144,454,235,48,355,154
2014,Tajikistan,58.9,80.3,985,738,937,988,490,301,246,279,36,286
2014,Dominican Republic,77.5,78.1,616,237,769,895,157,95,29,193,232,191
2014,Guyana,51.2,78.9,932,966,695,580,81,195,85,273,51,340
2014,Palau,52.4,83.8,221,368,639,632,421,335,98,121,356,229
2014,Azerbaijan,73.7,72.9,276,263,112,823,185,346,56,246,39,77
2014,Falkland Islands (Malvinas),54.9,67.4,455,796,644,241,208,421,102,255,254,377
2014,Antarctica (the territory South of 60 deg S),50.3,88.9,751,861,567,881,144,458,43,220,261,84
2014,Jersey,64.3,85.4,773,958,707,356,164,151,160,266,47,79
2014,India,83.5,80.8,662,575,956,307,317,220,224,186,157,343
2014,Bermuda,60.3,59.3,324,256,648,712,327,399,152,119,272,103
2014,Qatar,52.1,80.5,168,768,622,149,67,86,203,91,368,257
2014,Gibraltar,71.4,70.5,316,925,708,442,465,288,240,237,192,292
2014,Slovakia (Slovak Republic),73.4,61.6,930,701,527,738,264,257,131,85,308,77
2014,Cook Islands,74.9,72.9,196,968,205,753,93,78,113,90,377,299
2014,Sao Tome and Principe,51.8,57.5,832,466,585,593,468,228,228,244,147,191
2014,Colombia,66.1,79.8,192,297,320,802,145,80,26,264,261,240
2014,Saint Lucia,70.1,84.5,325,114,860,775,467,298,209,288,337,40
2014,Luxembourg,76.8,69.8,429,969,214,369,221,183,191,241,58,37
2014,Reunion,58.3,60.6,795,195,596,352,389,416,253,110,92,187
2014,Kyrgyz Republic,57.2,89.2,657,364,571,689,227,495,68,282,316,354
2015,Tajikistan,71.3,62.8,506,886,104,911,242,59,236,62,134,228
2015,Dominican Republic,80.1,62.8,201,134,132,388,497,247,116,79,108,207
2015,Guyana,66.4,58.8,263,502,799,890,209,491,224,294,96,72
2015,Palau,54.5,69.5,233,423,320,914,96,336,294,39,330,253
2015,Azerbaijan,75.4,80.3,252,974,611,928,244,457,191,231,123,252
2015,Falkland Islands (Malvinas),54.8,60.3,109,345,123,362,314,50,242,176,80,337
2015,Antarctica (the territory South of 60 deg S),80.9,69.9,396,624,637,835,275,325,284,230,196,277
2015,Jersey,53.3,61.8,200,333,497,103,434,263,185,287,262,173
2015,India,56.4,76.6,665,747,773,964,450,219,212,89,101,385
2015,Bermuda,72.3,67.1,468,848,311,261,58,56,204,64,320,126
2015,Qatar,75.8,59.9,325,490,983,667,72,456,222,42,190,86
2015,Gibraltar,62.8,89.1,334,890,962,807,414,461,278,92,303,209
2015,Slovakia (Slovak Republic),63.8,63.3,402,526,514,419,125,278,266,209,328,38
2015,Cook Islands,53.0,84.5,550,392,891,944,62,122,124,236,65,216
2015,Sao Tome and Principe,70.5,79.9,624,700,470,905,399,213,128,129,392,342
2015,Colombia,72.6,73.9,857,464,745,318,447,176,70,278,342,275
2015,Saint Lucia,65.6,55.2,713,806,820,857,359,295,82,274,372,334
2015,Luxembourg,53.9,86.9,340,161,235,822,457,461,234,234,211,115
2015,Reunion,59.8,81.4,775,309,268,456,470,109,101,299,91,223
2015,Kyrgyz Republic,67.0,75.5,756,619,994,577,231,112,256,159,256,237
2016,Tajikistan,79.1,73.1,473,410,726,574,150,151,169,243,340,212
2016,Dominican Republic,50.3,76.7,974,942,740,722,180,496,226,134,154,394
2016,Guyana,74.4,60.8,413,980,131,235,488,248,34,135,297,213
2016,Palau,69.9,60.7,830,980,855,624,73,221,49,172,313,378
2016,Azerbaijan,82.0,69.3,131,202,786,931,96,129,122,137,210,146
2016,Falkland Islands (Malvinas),55.2,75.3,232,986,319,843,256,482,136,135,156,187
2016,Antarctica (the territory South of 60 deg S),70.5,57.2,228,138,701,526,419,283,291,120,136,385
2016,Jersey,51.9,80.7,582,470,451,804,277,370,230,135,376,164
2016,India,80.2,63.7,535,707,625,263,75,340,121,202,194,199
2016,Bermuda,69.2,72.1,818,281,665,970,353,152,144,57,274,98
2016,Qatar,55.4,72.7,374,462,577,963,448,388,253,92,61,240
2016,Gibraltar,83.7,64.5,378,490,835,925,65,104,275,275,233,328
2016,Slovakia (Slovak Republic),71.0,73.0,263,291,541,751,412,50,126,290,115,398
2016,Cook Islands,76.8,72.4,422,803,908,784,160,97,267,243,184,346
2016,Sao Tome and Principe,71.2,88.4,893,744,651,916,195,397,62,146,395,138
2016,Colombia,64.3,72.9,767,417,293,460,385,191,38,243,235,84
2016,Saint Lucia,70.5,87.5,729,676,281,200,369,458,62,150,42,145
2016,Luxembourg,71.2,61.3,622,216,305,659,307,381,249,269,248,315
2016,Reunion,51.5,75.2,311,460,316,900,338,173,294,248,119,395
2016,Kyrgyz Republic,70.9,62.7,279,617,215,662,352,120,236,176,355,149
2017,Tajikistan,54.8,79.9,946,470,167,857,216,252,231,201,192,166
2017,Dominican Republic,75.6,87.5,395,966,439,368,308,59,168,224,152,59
2017,Guyana,74.1,87.1,888,211,549,485,208,111,80,158,388,311
2017,Palau,74.9,85.5,288,628,452,422,388,222,168,297,159,318
2017,Azerbaijan,77.3,83.7,919,797,472,223,386,395,193,88,48,147
2017,Falkland Islands (Malvinas),57.7,65.0,828,860,579,545,86,315,24,181,178,100
2017,Antarctica (the territory South of 60 deg S),57.4,89.4,326,942,610,345,134,131,249,171,66,80
2017,Jersey,52.0,61.5,385,422,170,738,304,342,208,70,214,68
2017,India,57.5,65.5,251,626,263,752,377,155,256,195,193,229
2017,Bermuda,77.3,89.2,823,863,579,568,121,84,234,246,380,37
2017,Qatar,68.9,73.1,337,212,369,737,198,416,175,86,39,104
2017,Gibraltar,84.6,78.3,571,690,442,225,170,477,216,229,122,355
2017,Slovakia (Slovak Republic),75.1,58.3,749,754,526,451,428,290,139,172,223,251
2017,Cook Islands,79.7,67.5,763,827,815,191,54,153,108,261,139,320
2017,Sao Tome and Principe,82.2,88.9,175,489,374,907,182,282,231,239,195,169
2017,Colombia,79.8,83.8,593,350,260,500,258,466,76,75,199,355
2017,Saint Lucia,60.4,88.0,327,460,837,122,311,327,225,274,102,43
2017,Luxembourg,70.3,61.0,565,670,489,662,457,92,226,171,254,183
2017,Reunion,69.8,82.9,186,133,917,467,499,155,224,190,387,272
2017,Kyrgyz Republic,74.4,74.0,920,431,385,316,111,350,213,138,255,183
2018,Tajikistan,66.2,78.9,584,668,609,432,495,404,175,164,86,155
2018,Dominican Republic,69.9,85.0,217,756,592,502,429,460,148,136,50,188
2018,Guyana,58.2,74.6,441,197,794,208,475,442,87,34,181,283
2018,Palau,76.9,58.4,308,656,367,210,277,434,293,249,328,163
2018,Azerbaijan,65.8,88.8,766,169,478,441,457,99,86,183,199,164
2018,Falkland Islands (Malvinas),72.2,80.6,292,367,823,857,455,460,154,108,337,287
2018,Antarctica (the territory South of 60 deg S),65.3,69.7,274,776,216,991,56,246,278,28,394,250
2018,Jersey,53.9,57.5,872,616,216,136,382,368,86,41,186,266
2018,India,61.7,59.0,222,554,164,342,289,193,148,154,378,78
2018,Bermuda,71.6,79.0,977,500,675,986,415,272,291,59,218,339
2018,Qatar,78.1,84.8,219,655,821,908,149,64,169,225,112,73
2018,Gibraltar,72.6,86.9,460,252,772,581,104,424,28,149,363,104
2018,Slovakia (Slovak Republic),75.9,58.1,889,610,564,896,352,134,203,228,337,147
2018,Cook Islands,60.2,57.7,118,437,935,959,345,160,131,95,194,393
2018,Sao Tome and Principe,84.3,58.4,950,450,589,990,463,435,255,161,169,252
2018,Colombia,50.9,86.7,904,432,648,575,307,105,152,272,393,199
2018,Saint Lucia,78.2,78.5,515,486,920,269,152,90,107,272,146,386
2018,Luxembourg,53.1,70.1,341,536,734,812,316,487,130,248,201,40
2018,Reunion,61.4,84.3,302,263,479,487,372,499,34,145,183,258
2018,Kyrgyz Republic,64.4,62.4,540,837,635,726,275,264,179,152,35,202
2019,Tajikistan,67.9,62.8,664,240,240,995,309,346,207,277,205,115
2019,Dominican Republic,57.3,82.2,526,336,936,308,235,331,268,109,177,349
2019,Guyana,71.8,82.7,961,502,977,542,145,433,221,113,168,366
2019,Palau,60.7,66.8,232,938,569,790,391,210,118,200,187,182
2019,Azerbaijan,73.9,55.3,353,671,942,521,364,414,137,219,42,157
2019,Falkland Islands (Malvinas),80.6,66.3,112,486,194,478,96,172,257,245,325,119
2019,Antarctica (the territory South of 60 deg S),68.5,87.7,490,296,981,198,327,104,64,114,259,66
2019,Jersey,56.6,55.8,713,456,222,156,462,182,21,115,151,293
2019,India,68.3,86.6,709,778,259,799,464,77,264,60,230,188
2019,Bermuda,72.7,77.4,486,128,259,824,432,333,187,128,260,353
2019,Qatar,75.5,65.0,612,849,696,231,134,471,48,295,51,330
2019,Gibraltar,80.3,82.4,633,485,181,217,70,488,193,160,356,379
2019,Slovakia (Slovak Republic),66.0,72.3,368,174,325,802,345,431,274,25,210,224
2019,Cook Islands,60.2,89.9,721,171,343,402,138,299,55,110,318,88
2019,Sao Tome and Principe,72.0,86.3,675,559,345,916,183,139,250,88,142,34
2019,Colombia,55.1,71.6,475,740,728,900,368,331,58,267,201,278
2019,Saint Lucia,61.5,84.2,261,849,402,500,320,305,273,128,185,44
2019,Luxembourg,55.4,71.2,119,318,728,231,463,182,35,171,289,348
2019,Reunion,78.4,63.0,656,350,258,143,361,427,178,194,269,194
2019,Kyrgyz Republic,66.0,88.2,785,110,228,633,106,105,272,77,367,229
2020,Tajikistan,75.3,55.7,647,318,672,826,104,112,185,204,58,92
2020,Dominican Republic,71.7,71.2,593,105,619,517,221,474,146,162,162,48
2020,Guyana,66.7,83.7,124,839,641,876,441,328,117,195,96,64
2020,Palau,80.2,56.7,495,154,420,530,70,239,279,119,176,96
2020,Azerbaijan,81.6,63.5,893,616,477,252,75,371,215,57,167,271
2020,Falkland Islands (Malvinas),67.4,83.5,269,586,462,393,417,134,252,257,113,70
2020,Antarctica (the territory South of 60 deg S),70.0,78.4,301,639,449,198,476,150,126,273,114,256
2020,Jersey,83.0,60.8,968,766,178,711,226,126,164,84,311,173
2020,India,54.7,81.3,636,979,361,227,128,351,242,230,39,288
2020,Bermuda,53.4,77.9,721,195,662,966,249,145,266,276,178,365
2020,Qatar,59.2,62.0,543,849,498,532,183,405,234,281,51,282
2020,Gibraltar,55.9,60.8,921,682,731,865,344,341,81,73,205,133
2020,Slovakia (Slovak Republic),69.2,75.3,782,215,814,280,496,245,38,52,200,379
2020,Cook Islands,60.7,87.9,921,650,174,107,298,299,237,182,40,396
2020,Sao Tome and Principe,66.6,62.7,111,922,333,672,243,307,108,77,170,349
2020,Colombia,69.2,86.0,895,215,857,500,428,422,231,98,64,185
2020,Saint Lucia,77.3,89.2,358,462,626,159,163,482,78,64,89,347
2020,Luxembourg,57.3,81.3,599,698,356,668,430,174,92,135,208,261
2020,Reunion,54.5,56.2,342,898,347,747,124,341,300,45,362,91
2020,Kyrgyz Republic,73.0,75.6,353,610,194,654,464,485,101,86,361,121
2021,Tajikistan,76.8,71.0,593,637,563,420,263,361,71,30,35,295
2021,Dominican Republic,63.9,82.2,947,752,789,436,266,314,145,268,46,128
2021,Guyana,58.8,89.6,531,265,851,506,485,428,119,182,344,64
2021,Palau,76.3,72.4,471,150,407,140,343,162,77,279,340,134
2021,Azerbaijan,56.6,62.6,126,543,685,670,170,205,115,244,234,371
2021,Falkland Islands (Malvinas),81.2,83.4,660,702,612,355,78,428,148,63,134,134
2021,Antarctica (the territory South of 60 deg S),80.6,71.8,609,443,311,847,91,232,23,192,357,215
2021,Jersey,72.0,85.6,623,516,426,817,436,68,38,106,92,247
2021,India,52.4,71.4,850,823,858,301,345,53,268,262,350,261
2021,Bermuda,52.3,65.3,899,737,943,634,209,213,209,119,400,141
2021,Qatar,52.4,55.6,637,555,456,255,440,414,140,271,197,76
2021,Gibraltar,81.6,60.0,180,212,131,820,196,75,224,176,97,54
2021,Slovakia (Slovak Republic),79.8,57.2,521,965,206,525,61,124,48,291,38,129
2021,Cook Islands,50.3,89.9,881,570,717,364,394,166,65,23,47,202
2021,Sao Tome and Principe,69.5,70.5,153,322,758,415,274,477,120,300,306,203
2021,Colombia,76.5,84.0,268,303,673,426,351,459,153,95,34,294
2021,Saint Lucia,75.6,58.4,934,422,810,341,237,291,278,216,187,382
2021,Luxembourg,58.7,88.2,846,560,189,501,69,358,122,184,69,80
2021,Reunion,54.5,83.1,820,474,239,893,197,113,69,239,379,106
2021,Kyrgyz Republic,54.6,85.7,736,119,404,686,444,55,204,144,188,311
2022,Tajikistan,62.5,81.7,365,616,925,997,376,493,161,187,288,351
2022,Dominican Republic,65.9,88.3,536,559,697,119,332,174,105,285,104,143
2022,Guyana,51.2,81.7,179,574,446,721,71,62,189,275,232,34
2022,Palau,84.7,70.5,340,290,456,741,493,417,227,116,299,345
2022,Azerbaijan,61.8,71.4,818,955,985,935,100,314,171,52,250,114
2022,Falkland Islands (Malvinas),65.4,70.5,341,611,885,743,145,256,171,158,293,96
2022,Antarctica (the territory South of 60 deg S),57.6,89.6,970,636,106,248,189,328,150,168,71,223
2022,Jersey,70.3,65.3,846,486,382,144,159,373,210,278,399,284
2022,India,61.8,84.1,233,712,863,724,118,150,87,229,144,313
2022,Bermuda,58.2,62.9,111,466,638,426,380,147,226,190,353,192
2022,Qatar,51.7,60.8,463,377,247,582,341,312,144,274,200,278
2022,Gibraltar,54.9,79.1,605,369,565,669,435,395,52,230,154,201
2022,Slovakia (Slovak Republic),77.5,85.9,304,473,915,219,203,67,104,47,211,59
2022,Cook Islands,51.4,61.5,829,253,610,183,422,462,156,64,366,332
2022,Sao Tome and Principe,82.4,75.4,226,268,952,994,208,104,297,149,346,282
2022,Colombia,75.2,74.9,436,971,221,347,474,256,125,121,270,35
2022,Saint Lucia,60.1,81.6,989,572,138,955,181,427,135,45,273,107
2022,Luxembourg,79.7,87.2,801,798,371,929,473,55,140,121,177,202
2022,Reunion,67.9,88.2,576,829,551,946,88,403,276,78,351,31
2022,Kyrgyz Republic,64.8,86.5,127,960,487,410,380,115,287,179,141,196
